t,V,x
0.0,3.0,0.0
0.01,3.0,0.03
0.02,2.994,0.06
0.03,2.982,0.08993999999999999
0.04,2.9640120000000003,0.11975999999999999
0.05,2.9400600000000003,0.14940012
0.060000000000000005,2.9101799760000002,0.17880072
0.07,2.874419832,0.20790251976
0.08,2.832839328048,0.23664671807999998
0.09,2.785509984432,0.26497511136047996
0.09999999999999999,2.7325149621599043,0.29283021120479996
0.10999999999999999,2.6739489199189443,0.320155360826399
0.11999999999999998,2.6099178477536644,0.34689485002558845
0.12999999999999998,2.540538877748547,0.3729940285031251
0.13999999999999999,2.465940072047922,0.39839941728061057
0.15,2.3862601885918,0.4230588180010898
0.16,2.301648424991582,0.4469214198870078
0.17,2.2122641410141806,0.4699379041369236
0.18000000000000002,2.118276560186796,0.4920605455470654
0.19000000000000003,2.0198644510773827,0.5132433111489334
0.20000000000000004,1.917215788847596,0.5334419556597072
0.21000000000000005,1.8105273977156546,0.5526141135481831
0.22000000000000006,1.700004575006018,0.5707193875253397
0.23000000000000007,1.5858606975009502,0.5877194332753999
0.24000000000000007,1.4683168108458702,0.6035780402504094
0.25000000000000006,1.3476012027957882,0.6182612083588681
0.26000000000000006,1.2239489611240146,0.631737220386826
0.2700000000000001,1.0976015170466495,0.6439767099980661
0.2800000000000001,0.9688061750470363,0.6549527251685326
0.2900000000000001,0.8378156300133297,0.664640786919003
0.3000000000000001,0.7048874726295291,0.6730189432191362
0.3100000000000001,0.5702836839857018,0.6800678179454316
0.3200000000000001,0.4342701203966155,0.6857706547852886
0.3300000000000001,0.29711598943955775,0.6901133559892548
0.34000000000000014,0.15909331824170678,0.6930845158836504
0.35000000000000014,0.02047641506497669,0.6946754490660675
0.36000000000000015,-0.11845867474823682,0.6948802132167172
0.37000000000000016,-0.2574347173915803,0.6936956264692349
0.38000000000000017,-0.39617384268542727,0.6911212792953191
0.3900000000000002,-0.534398098544491,0.6871595408684648
0.4000000000000002,-0.671830006718184,0.6818155598830199
0.4100000000000002,-0.808193118694788,0.675097259815838
0.4200000000000002,-0.9432125706579556,0.6670153286288901
0.4300000000000002,-1.0766156363837336,0.6575832029223105
0.4400000000000002,-1.2081322769681957,0.6468170465584732
0.45000000000000023,-1.3374956862798904,0.6347357237887912
0.46000000000000024,-1.4644428310376485,0.6213607669259923
0.47000000000000025,-1.588714984422847,0.6067163386156158
0.48000000000000026,-1.7100582521459702,0.5908291887713873
0.49000000000000027,-1.8282240899002478,0.5737286062499276
0.5000000000000002,-1.9429698111502334,0.5554463653509252
0.5100000000000002,-2.0540590842204183,0.5360166672394229
0.5200000000000002,-2.161262417668303,0.5154760763972187
0.5300000000000002,-2.2643576329477466,0.4938634522205357
0.5400000000000003,-2.3631303233918537,0.47121987589105824
0.5500000000000003,-2.4573742985700653,0.4475885726571397
0.5600000000000003,-2.5468920131014934,0.42301482967143905
0.5700000000000003,-2.6314949790357813,0.3975459095404241
0.5800000000000003,-2.711004160943866,0.3712309597500663
0.5900000000000003,-2.7852503528938795,0.3441209181406277
0.6000000000000003,-2.854074536522005,0.31626841461168886
0.6100000000000003,-2.9173282194443426,0.2877276692464688
0.6200000000000003,-2.9748737532936365,0.2585543870520254
0.6300000000000003,-3.0265846307040416,0.22880564951908902
0.6400000000000003,-3.0723457606078592,0.19853980321204862
0.6500000000000004,-3.112053721250269,0.16781634560597003
0.6600000000000004,-3.1456169903714626,0.13669580839346734
0.6700000000000004,-3.172956152050156,0.10523963848975272
0.6800000000000004,-3.194004079748107,0.07351007696925116
0.6900000000000004,-3.2087060951419573,0.04157003617177009
0.7000000000000004,-3.217020102376311,0.009482975220350513
0.7100000000000004,-3.218916697420381,-0.0226872258034126
0.7200000000000004,-3.2143792522596986,-0.05487639277761641
0.7300000000000004,-3.2034039737041753,-0.0870201853002134
0.7400000000000004,-3.1859999366441327,-0.11905422503725516
0.7500000000000004,-3.1621890916366815,-0.15091422440369648
0.7600000000000005,-3.1320062467559424,-0.1825361153200633
0.7700000000000005,-3.0954990236919295,-0.21385617778762273
0.7800000000000005,-3.052727788134405,-0.24481116802454203
0.7900000000000005,-3.0037655545294966,-0.2753384459058861
0.8000000000000005,-2.9486978653483193,-0.30537610145118105
0.8100000000000005,-2.8876226450580833,-0.33486308010466426
0.8200000000000005,-2.8206500290371506,-0.3637393065552451
0.8300000000000005,-2.7479021677261017,-0.39194580684561664
0.8400000000000005,-2.6695130063569783,-0.41942482852287766
0.8500000000000005,-2.5856280406524026,-0.44611995858644743
0.8600000000000005,-2.496404048935113,-0.4719762389929715
0.8700000000000006,-2.402008801136519,-0.4969402794823226
0.8800000000000006,-2.3026207452400542,-0.5209603674936878
0.8900000000000006,-2.1984286717413166,-0.5439865749460884
0.9000000000000006,-2.0896313567520988,-0.5659708616635015
0.9100000000000006,-1.9764371844193984,-0.5868671752310225
0.9200000000000006,-1.8590637493731939,-0.6066315470752165
0.9300000000000006,-1.7377374399581504,-0.6252221845689484
0.9400000000000006,-1.6126930030443607,-0.6425995589685299
0.9500000000000006,-1.4841730912506548,-0.6587264889989736
0.9600000000000006,-1.3524277934508602,-0.6735682199114801
0.9700000000000006,-1.2177141494685642,-0.6870924978459887
0.9800000000000006,-1.0802956498993663,-0.6992696393406743
0.9900000000000007,-0.9404417220312314,-0.710072595839668
1.0000000000000007,-0.7984272028632978,-0.7194770130599802
1.0100000000000007,-0.6545318002513018,-0.7274612850886132
1.0200000000000007,-0.5090395432335791,-0.7340066030911262
1.0300000000000007,-0.3622382226153539,-0.739096998523462
1.0400000000000007,-0.2144188229106615,-0.7427193807496155
1.0500000000000007,-0.06587494676073838,-0.7448635689787222
1.0600000000000007,0.08309776703500604,-0.7455223184463295
1.0700000000000007,0.23220223072427196,-0.7446913407759795
1.0800000000000007,0.3811404988794679,-0.7423693184687368
1.0900000000000007,0.5296143625732153,-0.738557913479942
1.1000000000000008,0.6773259452692036,-0.7332617698542099
1.1100000000000008,0.8239782992400456,-0.7264885104015179
1.1200000000000008,0.9692760013203492,-0.7182487274091174
1.1300000000000008,1.1129257468021727,-0.7085559673959139
1.1400000000000008,1.2546369402813555,-0.6974267099278921
1.1500000000000008,1.394122282266934,-0.6848803405250786
1.1600000000000008,1.5310983503719497,-0.6709391177024093
1.1700000000000008,1.6652861739124316,-0.6556281341986898
1.1800000000000008,1.7964118007521697,-0.6389752724595655
1.1900000000000008,1.9242068552440827,-0.6210111544520438
1.2000000000000008,2.0484090861344915,-0.601769085899603
1.2100000000000009,2.1687629033144122,-0.581284995038258
1.2200000000000009,2.285019902322064,-0.5595973660051139
1.2300000000000009,2.3969393755230866,-0.5367471669818933
1.2400000000000009,2.504288808919465,-0.5127777732266624
1.2500000000000009,2.6068443635647975,-0.48773488513746777
1.260000000000001,2.704391340592291,-0.4616664415018198
1.270000000000001,2.796724628892655,-0.43462252809589685
1.280000000000001,2.8836491345118342,-0.4066552818069703
1.290000000000001,2.9649801908732285,-0.37781879046185196
1.300000000000001,3.040543948965599,-0.3481689885531197
1.310000000000001,3.110177746676223,-0.31776354906346366
1.320000000000001,3.1737304564889155,-0.2866617715967014
1.330000000000001,3.2310628108082557,-0.25492446703181226
1.340000000000001,3.282047704214618,-0.2226138389237297
1.350000000000001,3.326570471999364,-0.18979336188158352
1.360000000000001,3.3645291443756804,-0.1565276571615899
1.370000000000001,3.3958346758079982,-0.12288236571783309
1.380000000000001,3.420411148951565,-0.0889240189597531
1.390000000000001,3.4381959527435155,-0.05471990747023745
1.400000000000001,3.449139934237563,-0.020337947942802297
1.410000000000001,3.4532075238261233,0.014153451399573337
1.420000000000001,3.450376833546209,0.04868552663783457
1.430000000000001,3.440639728218642,0.08318929497329666
1.440000000000001,3.4240018692239826,0.11759569225548308
1.450000000000001,3.400482730772886,0.1518357109477229
1.460000000000001,3.3701155885833414,0.18584053825545177
1.470000000000001,3.3329474809322512,0.2195416941412852
1.480000000000001,3.289039142103994,0.2528711689506077
1.490000000000001,3.2384649083138726,0.2857615603716476
1.500000000000001,3.181312596239543,0.31814620945478633
1.5100000000000011,3.117683354348586,0.34995933541718177
1.5200000000000011,3.0476914872651495,0.38113616896066765
1.5300000000000011,2.971464253473016,0.4116130838333191
1.5400000000000011,2.889141636706352,0.4413277263680493
1.5500000000000012,2.800876091432742,0.4702191427351128
1.5600000000000012,2.7068322628857193,0.4982279036494402
1.5700000000000012,2.6071866821558314,0.5252962262782974
1.5800000000000012,2.502127436900172,0.5513680930998557
1.5900000000000012,2.3918538182802007,0.5763893674688574
1.6000000000000012,2.2765759447864293,0.6003079056516594
1.6100000000000012,2.1565143636560973,0.6230736650995237
1.6200000000000012,2.0318996306361927,0.6446388087360846
1.6300000000000012,1.9029718688889758,0.6649578050424465
1.6400000000000012,1.7699803078804865,0.6839875237313363
1.6500000000000012,1.6331828031342193,0.7016873268101411
1.6600000000000013,1.492845337772191,0.7180191548414833
1.6700000000000013,1.3492415068038945,0.7329476082192051
1.6800000000000013,1.2026519851600534,0.7464400232872441
1.6900000000000013,1.0533639805026047,0.7584665431388447
1.7000000000000013,0.9016706718748357,0.7690001829438707
1.7100000000000013,0.7478706352860616,0.7780168896626191
1.7200000000000013,0.5922672573535377,0.7854955960154797
1.7300000000000013,0.43516813815044175,0.7914182685890151
1.7400000000000013,0.2768844844326387,0.7957699499705195
1.7500000000000013,0.11773049443853478,0.7985387948148459
1.7600000000000013,-0.0419772645244344,0.7997160997592313
1.7700000000000014,-0.20192048447628066,0.7992963271139869
1.7800000000000014,-0.361779749899078,0.7972771222692241
1.7900000000000014,-0.5212351743529229,0.7936593247702333
1.8000000000000014,-0.6799670393069696,0.7884469730267041
1.8100000000000014,-0.8376564339123104,0.7816473026336344
1.8200000000000014,-0.9939858944390373,0.7732707382945112
1.8300000000000014,-1.1486400420979395,0.7633308793501208
1.8400000000000014,-1.3013062179679635,0.7518444789291414
1.8500000000000014,-1.4516751137537918,0.7388314167494617
1.8600000000000014,-1.599441397103684,0.7243146656119238
1.8700000000000014,-1.7443043302260688,0.708320251640887
1.8800000000000014,-1.8859683805542462,0.6908772083386263
1.8900000000000015,-2.0241438222219714,0.6720175245330838
1.9000000000000015,-2.158547327128588,0.6517760863108641
1.9100000000000015,-2.288902544390761,0.6301906130395782
1.9200000000000015,-2.414940666998677,0.6073015875956707
1.9300000000000015,-2.536400984517811,0.5831521809256839
1.9400000000000015,-2.6530314207029475,0.5577881710805058
1.9500000000000015,-2.764589054919049,0.5312578568734764
1.9600000000000015,-2.8708406262937443,0.5036119663242858
1.9700000000000015,-2.9715630195586016,0.4749035600613484
1.9800000000000015,-3.0665437315708712,0.44518792986576233
1.9900000000000015,-3.1555813175440237,0.41452249255005363
2.0000000000000013,-3.2384858160540344,0.3829666793746134
2.010000000000001,-3.3150791519289573,0.350581821214073
2.020000000000001,-3.385195516171772,0.31743102969478343
2.0300000000000007,-3.4486817221107287,0.2835790745330657
2.0400000000000005,-3.5053975370173416,0.2490922573119584
2.0500000000000003,-3.555215988479733,0.21403828194178498
2.06,-3.59802364486809,0.17848612205698766
2.07,-3.6337208692794873,0.14250588560830676
2.0799999999999996,-3.6622220464011486,0.10616867691551189
2.0899999999999994,-3.683455781784251,0.0695464564515004
2.099999999999999,-3.6973650730745513,0.032711898633657886
2.109999999999999,-3.7039074528012828,-0.00426175209708763
2.1199999999999988,-3.703055102381865,-0.041300826625100456
2.1299999999999986,-3.694794937056845,-0.0783313776489191
2.1399999999999983,-3.679128661527061,-0.11527932701948757
2.149999999999998,-3.6560727961231634,-0.15207061363475818
2.159999999999998,-3.6256586733962117,-0.18863134159598982
2.1699999999999977,-3.5879324050770136,-0.22488792832995194
2.1799999999999975,-3.5429548194110234,-0.26076725238072207
2.1899999999999973,-3.490801368934879,-0.29619680057483233
2.199999999999997,-3.4315620088199124,-0.33110481426418115
2.209999999999997,-3.3653410459670763,-0.36542043435238025
2.2199999999999966,-3.2922569590966004,-0.399073844812051
2.2299999999999964,-3.2124421901341904,-0.431996414403017
2.239999999999996,-3.126042907253587,-0.4641208363043589
2.249999999999996,-3.0332187399927153,-0.49538126537689475
2.259999999999996,-2.9341424869173363,-0.5257134527768219
2.2699999999999956,-2.828999796361972,-0.5550548776459953
2.2799999999999954,-2.717988820832773,-0.583344875609615
2.289999999999995,-2.60131984571085,-0.6105247638179427
2.299999999999995,-2.4792148929472613,-0.6365379622750512
2.3099999999999947,-2.3519073004922513,-0.6613301112045238
2.3199999999999945,-2.2196412782513466,-0.6848491842094463
2.3299999999999943,-2.0826714414094574,-0.7070455969919598
2.339999999999994,-1.9412623220110654,-0.7278723114060544
2.349999999999994,-1.7956878597298545,-0.747284934626165
2.3599999999999937,-1.6462308728046215,-0.7652418132234635
2.3699999999999934,-1.4931825101599288,-0.7817041219515097
2.3799999999999932,-1.3368416857696268,-0.796635947053109
2.389999999999993,-1.177514496359005,-0.8100043639108053
2.399999999999993,-1.0155136235768438,-0.8217795088743953
2.4099999999999926,-0.8511577218019648,-0.8319346451101638
2.4199999999999924,-0.684770792779932,-0.8404462223281834
2.429999999999992,-0.5166815483142954,-0.8472939302559828
2.439999999999992,-0.34722276226309884,-0.8524607457391257
2.4499999999999917,-0.1767306131152737,-0.8559329733617567
2.4599999999999915,-0.005544018442922349,-0.8577002794929094
2.4699999999999913,0.16599603745565952,-0.8577557196773387
2.479999999999991,0.33754718139112727,-0.856095759302782
2.489999999999991,0.5087663332516836,-0.8527202874888707
2.4999999999999907,0.6793103907494578,-0.8476326241563539
2.5099999999999905,0.8488369155807285,-0.8408395202488593
2.5199999999999902,1.0170048196305004,-0.832351151093052
2.52999999999999,1.1834750498491107,-0.8221811028967471
2.53999999999999,1.3479112704284602,-0.8103463523982559
2.5499999999999896,1.5099805409081113,-0.7968672396939713
2.5599999999999894,1.6693539888469056,-0.7817674342848903
2.569999999999989,1.8257074757038836,-0.7650738943964213
2.579999999999989,1.9787222545831678,-0.7468168196393824
2.5899999999999888,2.128085618511044,-0.7270295970935508
2.5999999999999885,2.2734915379297544,-0.7057487409084403
2.6099999999999883,2.4146412861114426,-0.6830138255291428
2.619999999999988,2.551244051217271,-0.6588674126680284
2.629999999999988,2.683017533750877,-0.6333549721558557
2.6399999999999877,2.809688528182048,-0.6065247968183469
2.6499999999999875,2.930993487545717,-0.5784279115365264
2.6599999999999873,3.046679069853022,-0.5491179766610692
2.669999999999987,3.156502665185236,-0.518651185962539
2.679999999999987,3.260232902377744,-0.48708615931068666
2.6899999999999866,3.357650134239881,-0.4544838302869092
2.6999999999999864,3.448546900297263,-0.4209073289445104
2.709999999999986,3.532728366086165,-0.38642185994153777
2.719999999999986,3.6100127380744724,-0.35109457628067614
2.7299999999999858,3.680231653330608,-0.31499444889993145
2.7399999999999856,3.7432305431105943,-0.2781921323666254
2.7499999999999853,3.7988689695839195,-0.24075982693551945
2.759999999999985,3.8470209349710234,-0.20277113723968027
2.769999999999985,3.8875751624189596,-0.16430092788997003
2.7799999999999847,3.920435347996954,-0.12542517626578042
2.7899999999999845,3.94552038325011,-0.08622082278581089
2.7999999999999843,3.9627645478072724,-0.04676561895330979
2.809999999999984,3.9721176715979345,-0.007137973475237064
2.819999999999984,3.973545266292982,0.032583203240742285
2.8299999999999836,3.9670286256448337,0.0723186559036721
2.8399999999999834,3.9525648944640994,0.11198894216012045
2.849999999999983,3.9301671060320755,0.15151459110476145
2.859999999999983,3.899864187811123,0.1908162621650822
2.869999999999983,3.8617009353781064,0.22981490404319344
2.8799999999999826,3.815737954569468,0.2684319133969745
2.8899999999999824,3.762051571890073,0.3065892929426692
2.899999999999982,3.700733713301539,0.3442098086615699
2.909999999999982,3.631891751569225,0.3812171457945853
2.9199999999999817,3.555648322410308,0.4175360633102776
2.9299999999999815,3.4721411097482524,0.4530925465343807
2.9399999999999813,3.381522600441376,0.4878139576318632
2.949999999999981,3.2839598089150033,0.521629183636277
2.959999999999981,3.179633972187748,0.554468781725427
2.9699999999999807,3.0687402158426624,0.5862651214473045
2.9799999999999804,2.9514871915532015,0.616952523605731
2.9899999999999802,2.828096686832055,0.6464673955212631
2.99999999999998,2.698803207727803,0.6747483623895837
3.00999999999998,2.563853535249886,0.7017363944668618
3.0199999999999796,2.423506256356514,0.7273749298193606
3.0299999999999794,2.278031270392642,0.7516099923829257
3.039999999999979,2.1277092719160566,0.7743903050868521
3.049999999999979,1.9728312108986863,0.7956673978060127
3.0599999999999787,1.8136977313374838,0.8153957099149995
3.0699999999999785,1.6506185893544838,0.8335326872283744
3.0799999999999783,1.483912051908809,0.8500388731219192
3.089999999999978,1.3139042772844252,0.8648779936410073
3.099999999999978,1.1409286785562238,0.8780170364138515
3.1099999999999777,0.9653252712734535,0.8894263231994137
3.1199999999999775,0.7874400066335707,0.8990795759121483
3.1299999999999772,0.607624091451141,0.9069539759784839
3.139999999999977,0.42623329625544426,0.9130302168929953
3.149999999999977,0.24362725287684517,0.9172925498555498
3.1599999999999766,0.060168742905735234,0.9197288223843182
3.1699999999999764,-0.12377702157112841,0.9203305098133755
3.179999999999976,-0.3078431235338035,0.9190927395976642
3.189999999999976,-0.49166167145333634,0.9160143083623262
3.1999999999999758,-0.6748645331258016,0.9110976916477929
3.2099999999999755,-0.8570840714553603,0.9043490463165349
3.2199999999999753,-1.0379538807186672,0.8957782056019813
3.229999999999975,-1.2171095218390635,0.8853986667947946
3.239999999999975,-1.3941892551980224,0.873227571576404
3.2499999999999747,-1.5688347695133031,0.8592856790244238
3.2599999999999745,-1.740691905318188,0.8435973313292907
3.2699999999999743,-1.9094113715840462,0.8261904122761088
3.279999999999974,-2.074649454039268,0.8070962985602683
3.289999999999974,-2.2360687137513215,0.7863498040198756
3.2999999999999736,-2.3933386745552965,0.7639891168823624
3.3099999999999734,-2.546136497931769,0.7400557301368094
3.319999999999973,-2.6941476439591305,0.7145943651574916
3.329999999999973,-2.837066516990629,0.6876528887179003
3.3399999999999728,-2.974597094734209,0.659282223547994
3.3499999999999726,-3.106453539443808,0.6295362526006519
3.3599999999999723,-3.232360789963938,0.5984717172062138
3.369999999999972,-3.352055133405181,0.5661481093065744
3.379999999999972,-3.465284755266496,0.5326275579725226
3.3899999999999717,-3.5718102668610006,0.49797471041985764
3.3999999999999715,-3.671405208944972,0.4622566077512476
3.4099999999999713,-3.7638565304952216,0.4255425556617979
3.419999999999971,-3.848965041627581,0.38790399035684564
3.429999999999971,-3.9265458396989503,0.3494143399405698
3.4399999999999706,-3.9964287076870644,0.3101488815435803
3.4499999999999704,-4.05845848399578,0.2701845944667096
3.45999999999997,-4.112495402889122,0.2296000096267518
3.46999999999997,-4.158415404814472,0.1884750555978606
3.47999999999997,-4.1961104159340445,0.14689090154971587
3.4899999999999696,-4.225488596243988,0.10492979739037542
3.4999999999999694,-4.246474555722063,0.06267491142793555
3.509999999999969,-4.25900953800765,0.02021016587071492
3.519999999999969,-4.2630515711817925,-0.02237992950936158
3.5299999999999687,-4.25857558527992,-0.0650104452211795
3.5399999999999685,-4.245573496235684,-0.10759620107397871
3.5499999999999683,-4.224054256020888,-0.15005193603633554
3.559999999999968,-4.194043868813621,-0.19229247859654441
3.569999999999968,-4.155585373094312,-0.23423291728468063
3.5799999999999677,-4.108738789637376,-0.27578877101562377
3.5899999999999674,-4.0535810354342505,-0.3168761589119975
3.5999999999999672,-3.990205803651851,-0.35741196926634
3.609999999999967,-3.918723409798583,-0.39731402730285853
3.619999999999967,-3.8392606043380115,-0.43650126140084433
3.6299999999999666,-3.751960352057843,-0.47489386744422446
3.6399999999999664,-3.656981578568998,-0.5124134709648029
3.649999999999966,-3.5544988843760374,-0.5489832867504929
3.659999999999966,-3.444702227025939,-0.5845282755942532
3.6699999999999657,-3.327796571907088,-0.6189752978645127
3.6799999999999655,-3.2040015123341856,-0.6522532635835836
3.6899999999999653,-3.0735508596174688,-0.6842932787069255
3.699999999999965,-2.936692203876084,-0.7150287873031002
3.709999999999965,-2.793686446415464,-0.744395709341861
3.7199999999999647,-2.6448073045470917,-0.7723325738060156
3.7299999999999645,-2.4903407897858885,-0.7987806468514865
3.7399999999999642,-2.330584660415591,-0.8236840547493454
3.749999999999964,-2.165847849465722,-0.8469899013535013
3.759999999999964,-1.9964498691950219,-0.8686483798481585
3.7699999999999636,-1.8227201932253903,-0.8886128785401087
3.7799999999999634,-1.6449976175173684,-0.9068400804723626
3.789999999999963,-1.4636296014228958,-0.9232900566475363
3.799999999999963,-1.2789715900933885,-0.9379263526617653
3.8099999999999627,-1.0913863195610354,-0.9507160685626992
3.8199999999999625,-0.9012431058484955,-0.9616299317583096
3.8299999999999623,-0.7089171194968336,-0.9706423628167945
3.839999999999962,-0.5147886469334746,-0.9777315340117628
3.849999999999962,-0.319242340131122,-0.9828794204810976
3.8599999999999617,-0.1226664560349025,-0.9860718438824088
3.8699999999999615,0.07454791274157926,-0.9872985084427578
3.8799999999999613,0.27200761443013083,-0.9865530293153421
3.889999999999961,0.46931822029319925,-0.9838329531710408
3.899999999999961,0.6660848109274075,-0.9791397709681088
3.9099999999999606,0.8619127651210292,-0.9724789228588347
3.9199999999999604,1.0564085496927962,-0.9638597952076244
3.92999999999996,1.249180508734321,-0.9532957097106964
3.93999999999996,1.4398396506764604,-0.9408039046233532
3.9499999999999598,1.628000431601131,-0.9264055081165886
3.9599999999999596,1.8132815332244487,-0.9101255038005773
3.9699999999999593,1.9953066339845642,-0.8919926884683328
3.979999999999959,2.1737051716782307,-0.8720396221284872
3.989999999999959,2.348113096103928,-0.8503025704117049
3.9999999999999587,2.518173610186269,-0.8268214394506656
4.009999999999959,2.683537898076402,-0.8016397033488029
4.019999999999959,2.8438658387461624,-0.7748043243680388
4.0299999999999585,2.99882670361977,-0.7463656659805772
4.039999999999958,3.1480998368158857,-0.7163773989443795
4.049999999999958,3.2913753166047615,-0.6848964005762206
4.059999999999958,3.4283545967200055,-0.651982647410173
4.069999999999958,3.55875112620204,-0.6176991014429729
4.079999999999957,3.6822909464906344,-0.5821115901809525
4.089999999999957,3.7987132645268247,-0.5452886807160462
4.099999999999957,3.907771000670034,-0.507301548070778
4.109999999999957,4.00923131028419,-0.46822383806407764
4.119999999999957,4.1028760778970055,-0.42813152496123574
4.129999999999956,4.1885023828892525,-0.3871027641822657
4.139999999999956,4.265922935725706,-0.34521774035337316
4.149999999999956,4.33496648379638,-0.3025585109961161
4.159999999999956,4.395478185995604,-0.25920884615815226
4.1699999999999555,4.4473199552272344,-0.2152540642981962
4.179999999999955,4.490370768086874,-0.17078086474592385
4.189999999999955,4.524526941036059,-0.12587715706505512
4.199999999999955,4.54970237244907,-0.08063188765469453
4.209999999999955,4.5658287499800085,-0.03513486393020383
4.2199999999999545,4.572855722766049,0.010523423569596256
4.229999999999954,4.57075103805213,0.056251980797256754
4.239999999999954,4.5595006418926785,0.10195949117777806
4.249999999999954,4.539108743657123,0.14755449759670483
4.259999999999954,4.509597844137782,0.19294558503327608
4.269999999999953,4.471008727131127,0.2380415634746539
4.279999999999953,4.4234004144361965,0.2827516507459652
4.289999999999953,4.3668500842870035,0.32698565489032716
4.299999999999953,4.301452953308938,0.3706541557331972
4.3099999999999525,4.227322122162298,0.4136686852662866
4.319999999999952,4.14458838510904,0.45594190648790955
4.329999999999952,4.053400003811459,0.49738779033899994
4.339999999999952,3.953922445743659,0.5379217903771145
4.349999999999952,3.846338087668236,0.5774610148345511
4.3599999999999515,3.730845884701326,0.6159243957112335
4.369999999999951,3.607661005559079,0.6532328545582468
4.379999999999951,3.4770144346474297,0.6893094646138376
4.389999999999951,3.339152541724662,0.7240796089603119
4.399999999999951,3.1943366199325993,0.7574711343775585
4.40999999999995,3.0428423930570876,0.7894145005768846
4.41999999999995,2.884959492941711,0.8198429245074554
4.42999999999995,2.72099090804022,0.8486925194368725
4.43999999999995,2.5512524041528453,0.8759024285172747
4.4499999999999496,2.3760719184493904,0.9014149525588032
4.459999999999949,2.1957889279376297,0.9251756717432971
4.469999999999949,2.0107537935889703,0.9471335610226733
4.479999999999949,1.8213270813844358,0.967241098958563
4.489999999999949,1.627878861592723,0.9854543697724074
4.4999999999999485,1.4307879876382417,1.0017331583883347
4.509999999999948,1.2304413559605747,1.0160410382647171
4.519999999999948,1.0272331483076313,1.028345451824323
4.529999999999948,0.8215640579427668,1.0386177833073993
4.539999999999948,0.6138405012812869,1.0468334238868269
4.549999999999947,0.40447381650392145,1.0529718288996397
4.559999999999947,0.19387945072399354,1.057016567064679
4.569999999999947,-0.017523862688942293,1.058955361571919
4.579999999999947,-0.2293149350033261,1.0587801229450295
4.589999999999947,-0.441070959592332,1.0564869735949962
4.599999999999946,-0.6523683543113312,1.0520762639990728
4.609999999999946,-0.8627836071111458,1.0455525804559596
4.619999999999946,-1.0718941232023376,1.0369247443848482
4.629999999999946,-1.2792790720793072,1.0262058031528247
4.6399999999999455,-1.484520232709872,1.0134130124320317
4.649999999999945,-1.6872028351962784,0.998567810104933
4.659999999999945,-1.8869163972172651,0.9816957817529702
4.669999999999945,-2.083255553567859,0.9628266177807976
4.679999999999945,-2.2758208771240183,0.941994062245119
4.689999999999944,-2.464219689573042,0.9192358534738788
4.699999999999944,-2.648066860267818,0.8945936565781484
4.709999999999944,-2.8269855915834476,0.8681129879754702
4.719999999999944,-3.000608189178542,0.8398431320596357
4.729999999999944,-3.168576815590469,0.8098370501678502
4.739999999999943,-3.330544225624039,0.7781512820119455
4.749999999999943,-3.486174482026428,0.7448458397557051
4.759999999999943,-3.6351436499775693,0.7099840949354408
4.769999999999943,-3.7771404689646575,0.6736326584356651
4.7799999999999425,-3.9118670006517906,0.6358612537460185
4.789999999999942,-4.039039251400994,0.5967425837395006
4.799999999999942,-4.158387768148894,0.5563521912254907
4.809999999999942,-4.269658206393992,0.5147683135440018
4.819999999999942,-4.372611869102792,0.4720717314800618
4.8299999999999415,-4.467026215398805,0.4283456127890339
4.839999999999941,-4.552695337956612,0.3836753506350458
4.849999999999941,-4.629430408083621,0.3381483972554797
4.859999999999941,-4.697060087534717,0.29185409317464345
4.869999999999941,-4.755430906169646,0.2448834922992963
4.87999999999994,-4.804407604629505,0.19732918323759985
4.88999999999994,-4.843873441277025,0.1492851071913048
4.89999999999994,-4.873730462715286,0.10084637277853456
4.90999999999994,-4.893899737270993,0.0521090681513817
4.9199999999999395,-4.904321550901269,0.00317007077867177
4.929999999999939,-4.904955565057003,-0.045873144730340924
4.939999999999939,-4.895780936110935,-0.09492270038091095
4.949999999999939,-4.876796396034752,-0.1438805097420203
4.959999999999939,-4.848020294086348,-0.19264847370236782
4.9699999999999385,-4.8094905993458745,-0.2411286766432313
4.979999999999938,-4.761264864017228,-0.28922358263669
4.989999999999938,-4.70342014748989,-0.3368362312768623
4.999999999999938,-4.6360529012345175,-0.3838704327517612
5.009999999999938,-4.559278814684165,-0.43023096176410636
5.019999999999937,-4.473232622331344,-0.475823749910948
5.029999999999937,-4.378067872349154,-0.5205560761342615
5.039999999999937,-4.273956657122302,-0.564336754857753
5.049999999999937,-4.1610893061507515,-0.607076321428976
5.0599999999999365,-4.039674041864957,-0.6486872144904836
5.069999999999936,-3.9099365989668597,-0.6890839549091332
5.079999999999936,-3.772119807985033,-0.7281833208988018
5.089999999999936,-3.626483143805273,-0.7659045189786521
5.099999999999936,-3.4733022400095424,-0.8021693504167048
5.1099999999999355,-3.3128683699262016,-0.8369023728168002
5.119999999999935,-3.1454878953628413,-0.8700310565160623
5.129999999999935,-2.9714816840596288,-0.9014859354696907
5.139999999999935,-2.7911844969656907,-0.931200752310287
5.149999999999935,-2.6049443465036335,-0.9591125972799439
5.159999999999934,-2.413121827047645,-0.9851620407449803
5.169999999999934,-2.216089418898649,-1.0092932590154566
5.179999999999934,-2.0142307670955577,-1.0314541532044432
5.189999999999934,-1.807939936454669,-1.0515964608753987
5.199999999999934,-1.5976206442795893,-1.0696758602399454
5.209999999999933,-1.3836854722316,-1.0856520666827414
5.219999999999933,-1.1665550588950517,-1.0994889214050574
5.229999999999933,-0.9466572746140403,-1.1111544719940079
5.239999999999933,-0.7244263802152386,-1.1206210447401483
5.2499999999999325,-0.500302171267209,-1.1278653085423007
5.259999999999932,-0.27472910955874885,-1.132868330254973
5.269999999999932,-0.048155443507754275,-1.1356156213505604
5.279999999999932,0.17896768076235778,-1.136097175785638
5.289999999999932,0.40618711591948536,-1.1343074989780144
5.299999999999931,0.6330486157150883,-1.1302456278188195
5.309999999999931,0.8590977412788522,-1.1239151416616686
5.319999999999931,1.0838807696111858,-1.11532416424888
5.329999999999931,1.3069456024609618,-1.1044853565527681
5.339999999999931,1.5278426737715154,-1.0914159005281585
5.34999999999993,1.7461258538771471,-1.0761374737904434
5.35999999999993,1.961353348635236,-1.058676215251672
5.36999999999993,2.1730885916855702,-1.0390626817653197
5.37999999999993,2.380901128038634,-1.017331795848464
5.3899999999999295,2.584367487208327,-0.9935227845680776
5.399999999999929,2.7830720441219423,-0.9676791096959944
5.409999999999929,2.976607866061141,-0.9398483892547749
5.419999999999929,3.1645775439120962,-0.9100823105941634
5.429999999999929,3.3465940060309287,-0.8784365351550425
5.4399999999999284,3.5222813130619373,-0.8449705950947333
5.449999999999928,3.691275432080884,-0.8097477819641139
5.459999999999928,3.853224988473707,-0.772835027643305
5.469999999999928,4.007791994002368,-0.734302777758568
5.479999999999928,4.154652549554081,-0.6942248578185444
5.489999999999927,4.29349752111779,-0.6526783323230035
5.499999999999927,4.424033187582391,-0.6097433571118256
5.509999999999927,4.5459818590047565,-0.5655030252360017
5.519999999999927,4.659082464051957,-0.5200432066459542
5.5299999999999265,4.7630911053811475,-0.4734523820054346
5.539999999999926,4.857781581782234,-0.42582147095162315
5.549999999999926,4.942945875972558,-0.3772436551338008
5.559999999999926,5.018394606999318,-0.3278141963740752
5.569999999999926,5.083957446274133,-0.27763025030408206
5.5799999999999255,5.139483496334949,-0.22679067584134072
5.589999999999925,5.184841631503217,-0.1753958408779912
5.599999999999925,5.219920799678816,-0.12354742456295903
5.609999999999925,5.244630284591407,-0.07134821656617088
5.619999999999925,5.258899927904642,-0.018901913720256805
5.629999999999924,5.262680310648693,0.03368708555878961
5.639999999999924,5.255942893536935,0.08631388866527653
5.649999999999924,5.23868011580388,0.1388733176006459
5.659999999999924,5.21090545228375,0.1912601187586847
5.6699999999999235,5.172653428532014,0.24336917328152222
5.679999999999923,5.12397959387571,0.29509570756684234
5.689999999999923,5.0649604523623415,0.34633550350559944
5.699999999999923,4.995693351661221,0.3969851080292229
5.709999999999923,4.916296330055377,0.4469420415458351
5.7199999999999225,4.826907921746209,0.49610500484638886
5.729999999999922,4.727686920776931,0.5443740840638509
5.739999999999922,4.618812103964161,0.5916509532716202
5.749999999999922,4.500481913309837,0.6378390743112619
5.759999999999922,4.372914098447585,0.6828438934443603
5.769999999999921,4.236345319758713,0.7265730344288361
5.779999999999921,4.0910307128729455,0.7689364876264233
5.789999999999921,3.9372434153476608,0.8098467947551528
5.799999999999921,3.77527405639663,0.8492192289086293
5.809999999999921,3.6054302106149043,0.8869719694725956
5.81999999999992,3.428035816720385,0.9230262715787446
5.82999999999992,3.2434305624046362,0.9573066297459485
5.83999999999992,3.0519692364554465,0.9897409353699949
5.84999999999992,2.8540210493814477,1.0202606277345494
5.8599999999999195,2.649968923834538,1.0488008382283638
5.869999999999919,2.4402087561888655,1.0753005274667091
5.879999999999919,2.2251486506955236,1.0997026150285978
5.889999999999919,2.005208127689804,1.121954101535553
5.899999999999919,1.7808173073826936,1.142006182812451
5.909999999999918,1.5524160708202035,1.159814355886278
5.919999999999918,1.3204531996429478,1.1753385165944799
5.929999999999918,1.085385496324052,1.1885430485909094
5.939999999999918,0.84767688660587,1.1993969035541499
5.949999999999918,0.60779750589504,1.2078736724202086
5.959999999999917,0.36622277141099824,1.213951647479159
5.969999999999917,0.12343244191516645,1.217613875193269
5.979999999999917,-0.12009033312348735,1.2188481996124207
5.989999999999917,-0.3638599730459715,1.217647296281186
5.9999999999999165,-0.6073894323022088,1.2140086965507262
6.009999999999916,-0.850191171612354,1.207934802227704
6.019999999999916,-1.091778132057895,1.1994328905115805
6.029999999999916,-1.331664710160211,1.1885151091910016
6.039999999999916,-1.5693677319984114,1.1751984620893994
6.0499999999999154,-1.8044074244162913,1.1595047847694153
6.059999999999915,-2.0363083813701746,1.1414607105252523
6.069999999999915,-2.264600523475225,1.1210976267115507
6.079999999999915,-2.4888200488175354,1.0984516214767983
6.089999999999915,-2.708510373112895,1.073563420988623
6.099999999999914,-2.92322305731062,1.0464783172574939
6.109999999999914,-3.1325187207621186,1.0172460866843878
6.119999999999914,-3.335967938098996,0.9859208994767665
6.129999999999914,-3.5331521179943493,0.9525612200957766
6.1399999999999135,-3.723664362013505,0.9172296989158331
6.149999999999913,-3.9071103017966715,0.879993055295698
6.159999999999913,-4.083108912855812,0.8409219522777314
6.169999999999913,-4.251293303311358,0.8000908631491732
6.179999999999913,-4.411311475941193,0.7575779301160597
6.1899999999999125,-4.562827061964405,0.7134648153566477
6.199999999999912,-4.705520025035734,0.6678365447370037
6.209999999999912,-4.839087333983135,0.6207813444866463
6.219999999999912,-4.963243602880464,0.572390471146815
6.229999999999912,-5.077721697109827,0.5227580351180103
6.239999999999911,-5.182273304133429,0.47198081814691206
6.249999999999911,-5.276669467762812,0.4201580851055778
6.259999999999911,-5.360701084783927,0.36739139042794966
6.269999999999911,-5.434179362869517,0.3137843795801104
6.2799999999999105,-5.496936238785539,0.2594425859514152
6.28999999999991,-5.548824755975822,0.20447322356355985
6.29999999999991,-5.5897194006885345,0.14898497600380162
6.30999999999991,-5.619516395889295,0.09308778199691628
6.31999999999991,-5.638133952288678,0.03689261803802333
6.3299999999999095,-5.6455124758962825,-0.01948872148486345
6.339999999999909,-5.64161473159931,-0.07594384624382627
6.349999999999909,-5.626425962350544,-0.13235999355981937
6.359999999999909,-5.599953963638581,-0.18862425318332482
6.369999999999909,-5.562229113001916,-0.24462379281971064
6.379999999999908,-5.513304354437974,-0.3002460839497298
6.389999999999908,-5.453255137648028,-0.35537912749410955
6.399999999999908,-5.382179312149206,-0.4099116788705898
6.409999999999908,-5.300196976375088,-0.46373347199208187
6.419999999999908,-5.207450281976672,-0.5167354417558327
6.429999999999907,-5.104103193625505,-0.5688099445755994
6.439999999999907,-4.9903412047103854,-0.6198509765118545
6.449999999999907,-4.866371009408015,-0.6697543885589583
6.459999999999907,-4.732420131696223,-0.7184180986530384
6.4699999999999065,-4.588736511965616,-0.7657422999700007
6.479999999999906,-4.4355880519716155,-0.8116296650896568
6.489999999999906,-4.273262118953684,-0.855985545609373
6.499999999999906,-4.10206500983181,-0.8987181667989098
6.509999999999906,-3.9223213764720275,-0.9397388168972279
6.519999999999905,-3.7343736130925818,-0.9789620306619482
6.529999999999905,-3.5385812069601923,-1.016305766792874
6.539999999999905,-3.3353200536016177,-1.051691578862476
6.549999999999905,-3.1249817378291223,-1.0850447793984923
6.559999999999905,-2.907972781949424,-1.1162945967767834
6.569999999999904,-2.684713862594067,-1.1453743245962777
6.579999999999904,-2.4556389976748116,-1.1722214632222183
6.589999999999904,-2.221194705030368,-1.1967778531989663
6.599999999999904,-1.9818391343905748,-1.21898980024927
6.6099999999999035,-1.7380411743407207,-1.238808191593176
6.619999999999903,-1.4902795360220855,-1.256188603336583
6.629999999999903,-1.2390418153547689,-1.2710913986968038
6.639999999999903,-0.9848235356154081,-1.2834818168503515
6.649999999999903,-0.7281271722453379,-1.2933300522065054
6.659999999999902,-0.4694611618040368,-1.3006113239289587
6.669999999999902,-0.20933889701824504,-1.3053059355469991
6.679999999999902,0.05172229009115481,-1.3073993245171815
6.689999999999902,0.31320215499459114,-1.30688210161627
6.699999999999902,0.5745785753178452,-1.303750080066324
6.709999999999901,0.8353285913311099,-1.2980042943131456
6.719999999999901,1.094929450193739,-1.2896510083998345
6.729999999999901,1.352859651873706,-1.278701713897897
6.739999999999901,1.6085999946532854,-1.26517311737916
6.7499999999999005,1.8616346181291175,-1.2490871174326272
6.7599999999999,2.111452041615643,-1.230470771251336
6.7699999999999,2.35754619586591,-1.2093562508351796
6.7799999999999,2.599417446032946,-1.1857807888765206
6.7899999999999,2.83657360380825,-1.1597866144161912
6.7999999999998995,3.0685309266914884,-1.1314208783781088
6.809999999999899,3.29481510236711,-1.100735569111194
6.819999999999899,3.514962216189349,-1.0677874180875229
6.829999999999899,3.7285196998068533,-1.0326377959256294
6.839999999999899,3.935047258991979,-0.9953525989275609
6.849999999999898,4.134117778777491,-0.9560021263376411
6.859999999999898,4.325318204045019,-0.9146609485498662
6.869999999999898,4.5082503937549925,-0.8714077665094161
6.879999999999898,4.682531947056876,-0.8263252625718662
6.8899999999998975,4.847796999571249,-0.7794999431012974
6.899999999999897,5.003696988191508,-0.7310219731055849
6.909999999999897,5.149901382812625,-0.6809850032236698
6.919999999999897,5.286098383457359,-0.6294859893955436
6.929999999999897,5.411995581336468,-0.57662500556097
6.9399999999998965,5.527320582448662,-0.5225050497476053
6.949999999999896,5.631821592398183,-0.4672318439231186
6.959999999999896,5.725267961182807,-0.4109136279991368
6.969999999999896,5.8074506867826345,-0.3536609483873087
6.979999999999896,5.878182876460096,-0.2955864415194824
6.989999999999895,5.937300164763993,-0.2368046127548814
6.999999999999895,5.9846610873149695,-0.17743161110724148
7.009999999999895,6.020147409536418,-0.1175850002340918
7.019999999999895,6.043664409583236,-0.05738352613872762
7.0299999999998946,6.055141114810982,0.0030531179571047506
7.039999999999894,6.054530491219561,0.06360452910521458
7.049999999999894,6.041809585398518,0.1241498340174102
7.059999999999894,6.016979618595036,0.18456792987139536
7.069999999999894,5.980066032620757,0.24473772605734573
7.0799999999998935,5.931118487409288,0.3045383863835533
7.089999999999893,5.870210810132577,0.36384957125764616
7.099999999999893,5.7974408958810475,0.4225516793589719
7.109999999999893,5.712930560009253,0.4805260883177824
7.119999999999893,5.616825342345697,0.5376553939178749
7.129999999999892,5.509294263562122,0.5938236473413319
7.139999999999892,5.390529534093855,0.6489165899769531
7.149999999999892,5.260746216098465,0.7028218853178917
7.159999999999892,5.1201818390348866,0.7554293474788764
7.169999999999892,4.9690959695391115,0.8066311658692252
7.179999999999891,4.807769736365266,0.8563221255646163
7.189999999999891,4.636505311252343,0.9043998229282689
7.199999999999891,4.455625346666689,0.9507648760407923
7.209999999999891,4.2654723714585305,0.9953211295074592
7.2199999999998905,4.0664081455570384,1.0379758532220444
7.22999999999989,3.8588129749126296,1.0786399346776148
7.23999999999989,3.643084987977107,1.1172280644267412
7.24999999999989,3.4196393750917586,1.1536589143065121
7.25999999999989,3.188907592230456,1.1878553080574297
7.269999999999889,2.95133653061897,1.2197443839797342
7.279999999999889,2.707387653823023,1.2492577492859238
7.289999999999889,2.4575361039658383,1.276331625824154
7.299999999999889,2.2022697788010075,1.3009069868638123
7.309999999999889,1.942088381428245,1.3229296846518224
7.319999999999888,1.6775024444978806,1.3423505684661048
7.329999999999888,1.4090323308046595,1.3591255929110837
7.339999999999888,1.1372072122224428,1.3732159162191302
7.349999999999888,0.8625640289786167,1.3845879883413545
7.3599999999998875,0.5856464313103458,1.3932136286311407
7.369999999999887,0.3070037055841176,1.3990700929442441
7.379999999999887,0.027189686995268803,1.4021401300000853
7.389999999999887,-0.25323833900474824,1.402412026870038
7.399999999999887,-0.5337207443787559,1.3998796434799905
7.4099999999998865,-0.8136966730747541,1.3945424360362029
7.419999999999886,-1.0926051602819946,1.3864054693054553
7.429999999999886,-1.3698862541430856,1.3754794177026353
7.439999999999886,-1.6449821376836127,1.3617805551612043
7.449999999999886,-1.9173382487158535,1.3453307337843683
7.459999999999885,-2.186404395472727,1.3261573512972098
7.469999999999885,-2.451635865732169,1.3042933073424825
7.479999999999885,-2.7124945272006658,1.279776948685161
7.489999999999885,-2.968449916937698,1.2526520034131543
7.4999999999998845,-3.218980317620329,1.2229675042437773
7.509999999999884,-3.4635738184690843,1.190777701067574
7.519999999999884,-3.701729358682599,1.156141962882883
7.529999999999884,-3.932957751259176,1.119124669296057
7.539999999999884,-4.1567826851183876,1.0797950917834653
7.5499999999998835,-4.37274170347508,1.0382272649322815
7.559999999999883,-4.580387156461537,0.9944998478975307
7.569999999999883,-4.779287126041043,0.9486959763329152
7.579999999999883,-4.969026321307626,0.9009031050725048
7.589999999999883,-5.149206942322127,0.8512128418594286
7.599999999999882,-5.319449510694013,0.7997207724362073
7.609999999999882,-5.479393665181254,0.7465262773292671
7.619999999999882,-5.628698920647108,0.6917323406774546
7.629999999999882,-5.7670453887825985,0.6354453514709835
7.6399999999998816,-5.8941344590767955,0.5777748975831575
7.649999999999881,-6.009689438593427,0.5188335529923895
7.659999999999881,-6.113456149191905,0.45873665860645524
7.669999999999881,-6.205203480913196,0.3976020971145362
7.679999999999881,-6.284723900336104,0.33555006230540424
7.6899999999998805,-6.351833912797185,0.2727028233020432
7.69999999999988,-6.406374477457593,0.20918448417407137
7.70999999999988,-6.448211374292407,0.14512073939949544
7.71999999999988,-6.477235522172307,0.08063862565657136
7.72999999999988,-6.493363247303621,0.015866270434848298
7.739999999999879,-6.49653650139059,-0.049067362038187914
7.749999999999879,-6.4867230289829525,-0.11403272705209382
7.759999999999879,-6.463916483572533,-0.17889995734192332
7.769999999999879,-6.428136492104149,-0.24353912217764867
7.779999999999879,-6.379428667668619,-0.30782048709869014
7.789999999999878,-6.317864570248881,-0.37161477377537633
7.799999999999878,-6.243541615493806,-0.43479341947786515
7.809999999999878,-6.1565829315982326,-0.4972288356328032
7.819999999999878,-6.057137164471672,-0.5587946649487855
7.8299999999998775,-5.945378231481914,-0.6193660365935022
7.839999999999877,-5.821505024163214,-0.6788198189083213
7.849999999999877,-5.68574106038155,-0.7370348691499534
7.859999999999877,-5.538334086551559,-0.7938922797537689
7.869999999999877,-5.379555630600805,-0.8492756206192844
7.879999999999876,-5.209700506476948,-0.9030711769252925
7.889999999999876,-5.02908627109189,-0.9551681819900619
7.899999999999876,-4.838052634693877,-1.0054590447009808
7.909999999999876,-4.636960825753681,-1.0538395710479196
7.919999999999876,-4.4261929115440966,-1.1002091793054565
7.929999999999875,-4.206151075683005,-1.1444711084208974
7.939999999999875,-3.9772568539988256,-1.1865326191777275
7.949999999999875,-3.73995033016328,-1.2263051877177158
7.959999999999875,-3.494689292619737,-1.2637046910193486
7.9699999999998745,-3.241948354415867,-1.298651583945546
7.979999999999874,-2.982218037626758,-1.3310710674897046
7.989999999999874,-2.7160038241288174,-1.360893247865972
7.999999999999874,-2.4438251745556228,-1.3880532861072603
8.009999999999874,-2.1662145173341707,-1.4124915378528164
8.019999999999873,-1.8837162097636075,-1.434153683026158
8.029999999999873,-1.596885473158376,-1.452990845123794
8.039999999999873,-1.3062873041336172,-1.4689596998553778
8.049999999999873,-1.0124953641625416,-1.482022572896714
8.059999999999873,-0.7160908495831988,-1.4921475265383395
8.069999999999872,-0.41766134427553087,-1.4993084350341714
8.079999999999872,-0.11779965726869657,-1.5034850484769267
8.089999999999872,0.18289735242668875,-1.5046630450496137
8.099999999999872,0.48382996143661144,-1.5028340715253468
8.109999999999872,0.7843967757416808,-1.4979957719109807
8.119999999999871,1.0839959301238768,-1.4901518041535637
8.129999999999871,1.3820262909545895,-1.479311844852325
8.139999999999871,1.6778886599250544,-1.4654915819427792
8.14999999999987,1.9709869763136103,-1.4487126953435285
8.15999999999987,2.260729515382316,-1.4290028255803924
8.16999999999987,2.5465300804983944,-1.4063955304265692
8.17999999999987,2.8278091865837083,-1.3809302296215853
8.18999999999987,3.1039952325080256,-1.352652137755748
8.19999999999987,3.374525660059175,-1.321612185430668
8.20999999999987,3.6388480971453085,-1.2878669288300761
8.21999999999987,3.896421482911324,-1.2514784478586232
8.229999999999869,4.146717172483049,-1.21251423302951
8.239999999999869,4.389220019088951,-1.1710470613046795
8.249999999999869,4.623429431349886,-1.12715486111379
8.259999999999868,4.848860403572644,-1.0809205668002912
8.269999999999868,5.065044516932702,-1.0324319627645648
8.279999999999868,5.271530909485615,-0.9817815175952378
8.289999999999868,5.467887213004663,-0.9290662085003817
8.299999999999867,5.653700454704739,-0.874387336370335
8.309999999999867,5.828577921978806,-0.8178503318232877
8.319999999999867,5.992147988343464,-0.7595645526034996
8.329999999999867,6.144060898864164,-0.699643072720065
8.339999999999867,6.283989513408177,-0.6382024637314233
8.349999999999866,6.411630006154462,-0.5753625685973416
8.359999999999866,6.526702519873931,-0.5112462685357969
8.369999999999866,6.628951773581091,-0.44597924333705763
8.379999999999866,6.718147622248502,-0.3796897256012467
8.389999999999866,6.794085567368751,-0.31250824937876165
8.399999999999865,6.8565872172445035,-0.24456739370507413
8.409999999999865,6.905500695985518,-0.1760015215326291
8.419999999999865,6.9407010002920435,-0.10694651457277392
8.429999999999865,6.962090303206598,-0.037539504569853485
8.439999999999864,6.969598204120569,0.0320813984622125
8.449999999999864,6.963181924428127,0.1017773805034182
8.459999999999864,6.942826448327443,0.17140919974769947
8.469999999999864,6.908544608377903,0.2408374642309739
8.479999999999864,6.860377115531708,0.30992291031475294
8.489999999999863,6.798392533468758,0.37852668147007
8.499999999999863,6.722687197174744,0.4465106068047576
8.509999999999863,6.633385075813792,0.5137374787765051
8.519999999999863,6.5306375800584915,0.580071329534643
8.529999999999863,6.414623314151563,0.645377705335228
8.539999999999862,6.2855477730845175,0.7095239384767436
8.549999999999862,6.143642985389169,0.7723794162075888
8.559999999999862,5.989167102147651,0.8338158460614804
8.569999999999862,5.822403932935355,0.8937075170829569
8.579999999999862,5.643662429518764,0.9519315564123105
8.589999999999861,5.453276118236301,1.0083681807074982
8.599999999999861,5.2516024820948015,1.0629009418898612
8.60999999999986,5.03902229371683,1.1154169667108091
8.61999999999986,4.815938900374668,1.1658071896479774
8.62999999999986,4.582777462445073,1.213966578651724
8.63999999999986,4.339984146714728,1.2597943532761746
8.64999999999986,4.088025276059493,1.3031941947433219
8.65999999999986,3.827386437110828,1.3440744475039168
8.66999999999986,3.558571547610045,1.382348311875025
8.67999999999986,3.28210188523504,1.4179340273511254
8.68999999999986,2.9985150797648146,1.4507550462034757
8.699999999999859,2.7083640705241194,1.4807401970011238
8.709999999999859,2.4122160311238945,1.507823837706365
8.719999999999859,2.1106512635826213,1.531945998017604
8.729999999999858,1.8042620639791005,1.5530525106534303
8.739999999999858,1.4936515618484143,1.5710951312932213
8.749999999999858,1.1794325355897701,1.5860316469117055
8.759999999999858,0.8622262062074291,1.5978259722676031
8.769999999999857,0.5426610117539084,1.6064482343296775
8.779999999999857,0.22137136488797288,1.6118748444472166
8.789999999999857,-0.10100360400147046,1.6140885580960964
8.799999999999857,-0.4238213156206897,1.6130785220560817
8.809999999999857,-0.746437020031906,1.6088403088998748
8.819999999999856,-1.0682050818118811,1.6013759386995559
8.829999999999856,-1.3884802695517924,1.590693887881437
8.839999999999856,-1.7066190471280798,1.5768090851859191
8.849999999999856,-2.0219808641652635,1.5597428947146383
8.859999999999856,-2.333929443108191,1.5395230860729856
8.869999999999855,-2.641834060322788,1.5161837916419036
8.879999999999855,-2.9450708186511685,1.4897654510386757
8.889999999999855,-3.2430239088589037,1.4603147428521641
8.899999999999855,-3.5350868574293366,1.427884503763575
8.909999999999854,-3.8206637581820515,1.3925336351892816
8.919999999999854,-4.099170485219908,1.3543269976074612
8.929999999999854,-4.3700358847414,1.3133352927552622
8.939999999999854,-4.632702943292452,1.269634933907848
8.949999999999854,-4.8866299300740215,1.2233079044749235
8.959999999999853,-5.131291510969006,1.1744416051741833
8.969999999999853,-5.3661798320038425,1.1231286900644932
8.979999999999853,-5.590805570016741,1.0694668917444548
8.989999999999853,-5.8046989483656315,1.0135588360442873
8.999999999999853,-6.007410715574489,0.955511846560631
9.009999999999852,-6.198513084886615,0.8954377394048861
9.019999999999852,-6.377600632767592,0.83345260855602
9.029999999999852,-6.544291154478796,0.7696766022283441
9.039999999999852,-6.698226474924465,0.7042336906835561
9.049999999999851,-6.839073213061177,0.6372514259343115
9.059999999999851,-6.966523498248039,0.5688606938036997
9.069999999999851,-7.080295637008779,0.49919545882121935
9.07999999999985,-7.180134728773022,0.4283925024511316
9.08999999999985,-7.265813229263249,0.35659115516340134
9.09999999999985,-7.337131460295929,0.2839330228707688
9.10999999999985,-7.393918064870083,0.21056170826780954
9.11999999999985,-7.436030406523645,0.1366225276191087
9.12999999999985,-7.463354912047467,0.06226222355387226
9.13999999999985,-7.475807356758241,-0.012371325566602406
9.14999999999985,-7.473333091644921,-0.08712939913418483
9.15999999999985,-7.455907211818085,-0.16186273005063403
9.169999999999849,-7.423534665807958,-0.23642180216881487
9.179999999999849,-7.376250305374195,-0.31065714882689444
9.189999999999849,-7.314118875608816,-0.38441965188063637
9.199999999999848,-7.237234945232689,-0.45756084063672453
9.209999999999848,-7.145722777105345,-0.5299331900890514
9.219999999999848,-7.039736139087534,-0.6013904178601048
9.229999999999848,-6.919458055515513,-0.6717877792509802
9.239999999999847,-6.785100499665317,-0.7409823598061354
9.249999999999847,-6.63690402770409,-0.8088333648027886
9.259999999999847,-6.4751373547435325,-0.8752024050798295
9.269999999999847,-6.300096873727567,-0.9399537786272648
9.279999999999847,-6.112106118002114,-1.0029547473645404
9.289999999999846,-5.911515168529205,-1.0640758085445614
9.299999999999846,-5.698700006820293,-1.1231909602298535
9.309999999999846,-5.4740618147743225,-1.1801779602980564
9.319999999999846,-5.238026222714711,-1.2349185784457997
9.329999999999846,-4.9910425070255515,-1.2872988406729469
9.339999999999845,-4.733582738890962,-1.3372092657432024
9.349999999999845,-4.4661408857423215,-1.384545093132112
9.359999999999845,-4.1892318671158995,-1.4292065019895352
9.369999999999845,-3.9033905667179924,-1.4710988206606943
9.379999999999844,-3.6091708025858535,-1.5101327263278743
9.389999999999844,-3.3071442573202785,-1.5462244343537328
9.399999999999844,-2.997899370449532,-1.5792958769269356
9.409999999999844,-2.6820401950641446,-1.609274870631431
9.419999999999844,-2.360185220937858,-1.6360952725820725
9.429999999999843,-2.032966166421444,-1.6596971247914512
9.439999999999843,-1.7010267414631537,-1.6800267864556655
9.449999999999843,-1.3650213841720205,-1.697037053870297
9.459999999999843,-1.025613973397961,-1.7106872677120173
9.469999999999843,-0.6834765198555576,-1.7209434074459968
9.479999999999842,-0.3392878383663582,-1.7277781726445525
9.489999999999842,0.006267796162552353,-1.7311710510282161
9.499999999999842,0.35250200636819556,-1.7311083730665906
9.509999999999842,0.6987236809815137,-1.7275833530029086
9.519999999999841,1.0442403515820955,-1.7205961161930934
9.529999999999841,1.3883595748207143,-1.7101537126772723
9.539999999999841,1.7303903173561688,-1.6962701169290653
9.54999999999984,2.069644340741982,-1.6789662137555035
9.55999999999984,2.405437583493083,-1.6582697703480838
9.56999999999984,2.7370915375626996,-1.634215394513153
9.57999999999984,3.06393461646533,-1.606844479137526
9.58999999999984,3.385303512292835,-1.5762051329728728
9.59999999999984,3.7005445388874096,-1.5423520978499445
9.60999999999984,4.009014958457398,-1.5053466524610704
9.61999999999984,4.3100842889496125,-1.4652565028764963
9.62999999999984,4.6031355895249115,-1.4221556599870002
9.639999999999839,4.887566721522312,-1.376124304091751
9.649999999999839,5.162791582340662,-1.327248636876528
9.659999999999838,5.428241309715968,-1.2756207210531214
9.669999999999838,5.6833654539265925,-1.2213383079559617
9.679999999999838,5.927633115517785,-1.1645046534166956
9.689999999999838,6.160534046201124,-1.1052283222615178
9.699999999999838,6.381579710653428,-1.0436229817995066
9.709999999999837,6.590304307013329,-0.9798071846929723
9.719999999999837,6.786265743951923,-0.9139041416228391
9.729999999999837,6.969046572276492,-0.8460414841833198
9.739999999999837,7.1382548691131555,-0.7763510184605549
9.749999999999837,7.2935250728052665,-0.7049684697694233
9.759999999999836,7.434518766759151,-0.6320332190413707
9.769999999999836,7.5609254105674255,-0.5576880313737791
9.779999999999836,7.6724630168421815,-0.48207877726810483
9.789999999999836,7.768878772295802,-0.405354147099683
9.799999999999836,7.849949601715739,-0.327665359376725
9.809999999999835,7.915482673591084,-0.24916586335956759
9.819999999999835,7.965315846262998,-0.17001103662365674
9.829999999999835,7.9993180535877295,-0.09035787816102676
9.839999999999835,8.017389629219934,-0.010364697625149466
9.849999999999834,8.019462568744965,0.06980919866704988
9.859999999999834,8.005500729011555,0.15000382435449952
9.869999999999834,7.9754999641406545,0.23005883164461507
9.879999999999834,7.9294881978117315,0.30981383128602163
9.889999999999834,7.867525431554527,0.389108713264139
9.899999999999833,7.7897036889016995,0.46778396757968427
9.909999999999833,7.696146895385763,0.5456810044687013
9.919999999999833,7.587010694492022,0.6226424734225589
9.929999999999833,7.462482199807511,0.6985125803674791
9.939999999999833,7.322779683734015,0.7731374023655542
9.949999999999832,7.168152203260904,0.8463651992028943
9.959999999999832,6.998879163420325,0.9180467212355033
9.969999999999832,6.815269819173224,0.9880355128697066
9.979999999999832,6.617662716599283,1.056188211061439
9.989999999999831,6.406425074386996,1.1223648382274318
9.999999999999831,6.18195210674151,1.1864290889713018
10.009999999999831,5.944666288947249,1.248248610038717
10.01999999999983,5.695016566939506,1.3076952729281894
10.02999999999983,5.433477512353868,1.3646454385975846
10.03999999999983,5.160548424634351,1.4189802137211234
10.04999999999983,4.876752381890126,1.470585697967467
10.05999999999983,4.582635242296633,1.5193532217863683
10.06999999999983,4.278764597939359,1.5651795742093346
10.07999999999983,3.9657286830974923,1.6079672201887283
10.08999999999983,3.6441352390597466,1.6476245070197033
10.09999999999983,3.314610337655806,1.6840658594103008
10.109999999999829,2.9777971657737456,1.717211962786859
10.119999999999829,2.6343547732163737,1.7469899344445965
10.129999999999828,2.2849567863274545,1.7733334821767601
10.139999999999828,1.9302900898921025,1.7961830500400346
10.149999999999828,1.5710534798840956,1.8154859509389556
10.159999999999828,1.2079562896963045,1.8311964857377965
10.169999999999828,0.8417169925487452,1.8432760486347595
10.179999999999827,0.4730617828217933,1.8516932185602468
10.189999999999827,0.10272313910974396,1.8564238363884649
10.199999999999827,-0.26856162816794904,1.8574510677795624
10.209999999999827,-0.6400518417238614,1.8547654514978829
10.219999999999827,-1.011004932023438,1.8483649330806442
10.229999999999826,-1.3806779186395668,1.8382548837604098
10.239999999999826,-1.7483288953916487,1.8244481045740142
10.249999999999826,-2.1132185163064516,1.8069648156200977
10.259999999999826,-2.474611479430471,1.785832630457033
10.269999999999825,-2.831778005521878,1.7610865156627284
10.279999999999825,-3.1839953086544237,1.7327687356075097
10.289999999999825,-3.530549055775926,1.7009287825209654
10.299999999999825,-3.870734812280119,1.6656232919632061
10.309999999999825,-4.20385947067276,1.6269159438404048
10.319999999999824,-4.529242659440841,1.5848773491336772
10.329999999999824,-4.846218129267576,1.5395849225392688
10.339999999999824,-5.154135113775429,1.491122741246593
10.349999999999824,-5.452359662024747,1.4395813901088388
10.359999999999824,-5.740275940046515,1.3850577934885913
10.369999999999823,-6.017287498744233,1.3276550340881261
10.379999999999823,-6.282818505561858,1.2674821591006837
10.389999999999823,-6.536314937381995,1.2046539740450652
10.399999999999823,-6.777245732191008,1.1392908246712452
10.409999999999823,-7.005103897125257,1.0715183673493351
10.419999999999822,-7.2194075705951235,1.0014673283780826
10.429999999999822,-7.41970103627074,0.9292732526721313
10.439999999999822,-7.605555686805166,0.8550762423094239
10.449999999999822,-7.776570935267051,0.7790206854413723
10.459999999999821,-7.932375072355326,0.7012549760887018
10.469999999999821,-8.072626067573067,0.6219312253651486
10.479999999999821,-8.197012312646097,0.5412049646894179
10.48999999999982,-8.30525330558398,0.45923484156295696
10.49999999999982,-8.397100273896571,0.37618230850711715
10.50999999999982,-8.472336735597995,0.29221130576815146
10.51999999999982,-8.530778996751625,0.2074879384121715
10.52999999999982,-8.572276584434059,0.12218014844465525
10.53999999999982,-8.59671261412299,0.036457382600314656
10.54999999999982,-8.604004090643054,-0.04950974354091525
10.55999999999982,-8.59410214193487,-0.13554978444734578
10.569999999999819,-8.566992185045402,-0.22149080586669448
10.579999999999819,-8.522694023872063,-0.30716072771714853
10.589999999999819,-8.461261878328633,-0.39238766795586916
10.599999999999818,-8.382784344737459,-0.4770002867391555
10.609999999999818,-8.287384287389628,-0.5608281301865301
10.619999999999818,-8.175218661352321,-0.6437019730604264
10.629999999999818,-8.046478266740236,-0.7254541596739497
10.639999999999818,-7.901387434805446,-0.805918942341352
10.649999999999817,-7.740203646337175,-0.8849328166894064
10.659999999999817,-7.5632170829992935,-0.9623348531527781
10.669999999999817,-7.370750112368738,-1.037967023982771
10.679999999999817,-7.163156707572183,-1.1116745251064584
10.689999999999817,-6.940821802550891,-1.18330609218218
10.699999999999816,-6.704160584114455,-1.252714310207689
10.709999999999816,-6.453617722072917,-1.3197559160488335
10.719999999999816,-6.18966653886315,-1.3842920932695626
10.729999999999816,-5.912808120209238,-1.446188758658194
10.739999999999815,-5.6235703684775995,-1.5053168398602865
10.749999999999815,-5.322507000505542,-1.5615525435450626
10.759999999999815,-5.010196491796529,-1.614777613550118
10.769999999999815,-4.687240969086505,-1.6648795784680832
10.779999999999815,-4.354265053392889,-1.7117519881589482
10.789999999999814,-4.0119146557611,-1.7552946386928772
10.799999999999814,-3.6608557280225242,-1.7954137852504881
10.809999999999814,-3.3017729709724266,-1.8320223425307134
10.819999999999814,-2.935368502466284,-1.8650400722404377
10.829999999999814,-2.5623604880181965,-1.8943937572651004
10.839999999999813,-2.1834817365651764,-1.9200173621452823
10.849999999999813,-1.79947826413612,-1.941852179510934
10.859999999999813,-1.4111078282339333,-1.9598469621522951
10.869999999999813,-1.0191384358034743,-1.9739580404346344
10.879999999999812,-0.6243468277165474,-1.9841494247926692
10.889999999999812,-0.22751694275801349,-1.9903928930698347
10.899999999999812,0.17056163585595352,-1.992668062497415
10.909999999999812,0.5690952483554365,-1.9909624461388553
10.919999999999812,0.9672877375832075,-1.9852714936553009
10.929999999999811,1.3643420363142678,-1.9755986162794688
10.939999999999811,1.7594617595701616,-1.9619551959163262
10.949999999999811,2.151852798753427,-1.9443605783206246
10.95999999999981,2.540724914417552,-1.9228420503330903
10.96999999999981,2.92529332448417,-1.8974348011889148
10.97999999999981,3.304780284721953,-1.8681818679440731
10.98999999999981,3.678416658310768,-1.8351340650968537
10.99999999999981,4.045443471330139,-1.798349898513746
11.00999999999981,4.405113451032888,-1.7578954638004447
11.01999999999981,4.756692543792977,-1.7138443292901158
11.02999999999981,5.099461409651,-1.666277403852186
11.039999999999809,5.432716890421437,-1.6152827897556759
11.049999999999809,5.755773448372572,-1.5609556208514614
11.059999999999809,6.067964572542865,-1.5033978863677357
11.069999999999808,6.3686441498164115,-1.4427182406423071
11.079999999999808,6.657187797944873,-1.379031799144143
11.089999999999808,6.9329941577737015,-1.3124599211646943
11.099999999999808,7.19548614200664,-1.2431299795869573
11.109999999999808,7.444112137924032,-1.1711751181668908
11.119999999999807,7.67834716155741,-1.0967339967876504
11.129999999999807,7.89769396091494,-1.0199505251720762
11.139999999999807,8.101684065949355,-0.9409735855629268
11.149999999999807,8.28987878306194,-0.8599567449034332
11.159999999999807,8.461870132042627,-0.7770579570728138
11.169999999999806,8.61728172345719,-0.6924392557523875
11.179999999999806,8.755769574607667,-0.6062664385178156
11.189999999999806,8.87702286231123,-0.518708742771739
11.199999999999806,8.98076461086558,-0.42993851414862666
11.209999999999805,9.066752313695304,-0.34013086803997084
11.219999999999805,9.134778487303297,-0.2494633449030178
11.229999999999805,9.184671156283901,-0.15811556002998484
11.239999999999805,9.216294268289898,-0.06626884846714583
11.249999999999805,9.229548037983328,0.025894094215753158
11.259999999999804,9.224369219140177,0.11818957459558643
11.269999999999804,9.20073130422106,0.2104332667869882
11.279999999999804,9.158644650863662,0.3024405798291988
11.289999999999804,9.098156534897823,0.39402702633783543
11.299999999999804,9.019351129630255,0.48500859168681365
11.309999999999803,8.922349411292892,0.5752021029831162
11.319999999999803,8.807308990696269,0.6644255970960452
11.329999999999803,8.67442387127706,0.7524986870030079
11.339999999999803,8.52392413387646,0.8392429257157785
11.349999999999802,8.356075548733303,0.9244821670545431
11.359999999999802,8.171179115322394,1.008042922541876
11.369999999999802,7.969570530814019,1.0897547136951
11.379999999999802,7.751619588074998,1.1694504190032402
11.389999999999802,7.51772950427435,1.2469666148839902
11.399999999999801,7.268336181297553,1.3221439099267336
11.409999999999801,7.003907399312206,1.3948272717397092
11.419999999999801,6.7249419449642645,1.4648663457328313
11.4299999999998,6.431968675817698,1.532115765182474
11.4399999999998,6.125545522781203,1.596435451940651
11.4499999999998,5.806258432393073,1.657690907168463
11.4599999999998,5.474720250959381,1.7157534914923935
11.4699999999998,5.131569552660902,1.7705006940019874
11.4799999999998,4.777469413860504,1.8218163895285964
11.4899999999998,4.413106135954785,1.8695910836672014
11.4999999999998,4.0391879192213445,1.9137221450267492
11.509999999999799,3.6564434902159944,1.9541140242189627
11.519999999999799,3.265620685372202,1.9906784591211226
11.529999999999799,2.8674849935479774,2.023334665974845
11.539999999999798,2.4628180603530083,2.0520095159103247
11.549999999999798,2.0524161571709434,2.076637696513855
11.559999999999798,1.6370886178681725,2.097161858085564
11.569999999999798,1.2176562462510596,2.113532744264246
11.579999999999798,0.7949496973982104,2.1257093067267565
11.589999999999797,0.3698078360528591,2.1336588037007385
11.599999999999797,-0.056923924687288574,2.137356882061267
11.609999999999797,-0.48439530109954204,2.136787642814394
11.619999999999797,-0.9117528296624209,2.1319436898033985
11.629999999999797,-1.3381415676231005,2.1228261615067745
11.639999999999796,-1.7627067999244554,2.1094447458305434
11.649999999999796,-2.184595749090564,2.091817677831299
11.659999999999796,-2.6029592846568237,2.0699717203403933
11.669999999999796,-3.0169536287249024,2.043942127493825
11.679999999999795,-3.4257420542236674,2.013772591206576
11.689999999999795,-3.8284965724649824,1.9795151706643395
11.699999999999795,-4.22439960659785,1.9412302049396897
11.709999999999795,-4.612645647585788,1.8989862088737113
11.719999999999795,-4.992442889360531,1.8528597523978534
11.729999999999794,-5.363014839840101,1.802935323504248
11.739999999999794,-5.723601904540951,1.749305175105847
11.749999999999794,-6.073462939562121,1.6920691560604375
11.759999999999794,-6.411876770774208,1.6313345266648163
11.769999999999794,-6.738143676107172,1.567215758957074
11.779999999999793,-7.0515868278985865,1.4998343221960024
11.789999999999793,-7.351553692337787,1.4293184539170165
11.799999999999793,-7.63741738312119,1.3558029169936385
11.809999999999793,-7.908577966519918,1.2794287431624267
11.819999999999792,-8.164463715152403,1.2003429634972276
11.829999999999792,-8.404532307851849,1.1186983263457035
11.839999999999792,-8.62827197312099,1.034653003267185
11.849999999999792,-8.835202573774426,0.9483702835359751
11.859999999999792,-9.024876630481621,0.8600182577982308
11.869999999999791,-9.196880282041267,0.7697694914934146
11.879999999999791,-9.35083418033995,0.6778006886730019
11.889999999999791,-9.48639431807455,0.5842923468696024
11.89999999999979,-9.60325278744847,0.4894284036888569
11.90999999999979,-9.701138468186242,0.3933958758143722
11.91999999999979,-9.779817643349116,0.29638449113250975
11.92999999999979,-9.839094541575617,0.1985863146990186
11.93999999999979,-9.878811804515422,0.10019536928326243
11.94999999999979,-9.898850878372075,0.001407251238108212
11.95999999999979,-9.899132328619697,-0.09758125754561255
11.96999999999979,-9.879616077110574,-0.1965725808318095
11.979999999999789,-9.840301560944212,-0.29536874160291526
11.989999999999789,-9.781227812623628,-0.39377175721235735
11.999999999999789,-9.702473461181157,-0.49158403533859363
12.009999999999788,-9.604156654113439,-0.5886087699504052
12.019999999999788,-9.486434900123358,-0.6846503364915396
12.029999999999788,-9.34950483282505,-0.7795146854927733
12.039999999999788,-9.193601895726495,-0.8730097338210238
12.049999999999788,-9.018999948962291,-0.9649457527782888
12.059999999999787,-8.826010798406633,-1.0551357522679117
12.069999999999787,-8.614983647953052,-1.143395860251978
12.079999999999787,-8.386304475902657,-1.2295456967315086
12.089999999999787,-8.140395336556356,-1.313408741490535
12.099999999999786,-7.877713588258249,-1.3948126948560986
12.109999999999786,-7.59875104928703,-1.473589830738681
12.119999999999786,-7.304033083139293,-1.5495773412315512
12.129999999999786,-6.994117614892983,-1.6226176720629442
12.139999999999786,-6.669594080480394,-1.692558848211874
12.149999999999785,-6.331082310838019,-1.759254789016678
12.159999999999785,-5.979231353034683,-1.8225656121250582
12.169999999999785,-5.614718230609671,-1.882357925655405
12.179999999999785,-5.23824664547859,-1.9385051079615017
12.189999999999785,-4.85054562388629,-1.9908875744162875
12.199999999999784,-4.452368109003032,-2.0393930306551504
12.209999999999784,-4.044489502872002,-2.083916711745181
12.219999999999784,-3.627706160522966,-2.124361606773901
12.229999999999784,-3.2028338391681856,-2.1606386683791303
12.239999999999783,-2.7707061054923594,-2.192667006770812
12.249999999999783,-2.332172704138197,-2.2203740678257358
12.259999999999783,-1.8880978905730499,-2.2436957948671177
12.269999999999783,-1.4393587315996264,-2.262576773772848
12.279999999999783,-0.9868433768450567,-2.2769703610888445
12.289999999999782,-0.5314493046272879,-2.286838794857295
12.299999999999782,-0.07408154565582886,-2.292153287903568
12.309999999999782,0.38434911192488475,-2.2928941033601262
12.319999999999782,0.84292793259691,-2.2890506122408776
12.329999999999782,1.3007380550450856,-2.2806213329149085
12.339999999999781,1.7568623216280672,-2.267613952364458
12.349999999999781,2.210385112100959,-2.2500453291481772
12.359999999999781,2.6603941779305944,-2.2279414780271676
12.36999999999978,3.1059824735360277,-2.2013375362478618
12.37999999999978,3.5462499807856003,-2.1702777115125014
12.38999999999978,3.9803055230881004,-2.1348152117046455
12.39999999999978,4.407268565429029,-2.0950121564737647
12.40999999999978,4.826270996723782,-2.0509394708194746
12.41999999999978,5.236458890887676,-2.002676760852237
12.42999999999978,5.6369942430581235,-1.95031217194336
12.43999999999978,6.0270566774467955,-1.8939422295127788
12.449999999999779,6.405845123349351,-1.8336716627383107
12.459999999999779,6.772579455897014,-1.7696132115048173
12.469999999999779,7.126502098197977,-1.701887416945847
12.479999999999778,7.466879581587147,-1.6306223959638673
12.489999999999778,7.7930040607799205,-1.5559536001479959
12.499999999999778,8.10419478080952,-1.4780235595401967
12.509999999999778,8.399799492717559,-1.3969816117321014
12.519999999999778,8.679195815063979,-1.3129836168049258
12.529999999999777,8.941792538424965,-1.226191658654286
12.539999999999777,9.187030870155821,-1.1367737332700365
12.549999999999777,9.41438561680983,-1.0449034245684783
12.559999999999777,9.623366301723525,-0.95075956840038
12.569999999999776,9.813518215403601,-0.8545259053831448
12.579999999999776,9.98442339648023,-0.7563907232291087
12.589999999999776,10.135701541126052,-0.6565464892643065
12.599999999999776,10.267010838978912,-0.555189473853046
12.609999999999776,10.378048733749521,-0.45251936546325683
12.619999999999775,10.468552606842172,-0.3487388781257616
12.629999999999775,10.538300382467325,-0.24405335205733986
12.639999999999775,10.587111052878793,-0.1386703482326666
12.649999999999775,10.614845122525326,-0.03279923770387867
12.659999999999775,10.621404970066102,0.07334921352137459
12.669999999999774,10.606735127361826,0.1795632632220356
12.679999999999774,10.570822474717419,0.28563061449565386
12.689999999999774,10.513696351818288,0.39133883924282803
12.699999999999774,10.435428583969722,0.4964758027610109
12.709999999999773,10.33613342341752,0.6008300886007081
12.719999999999773,10.215967405697379,0.7041914228348833
12.729999999999773,10.075129121130402,0.8063510968918571
12.739999999999773,9.91385890175203,0.9071023881031611
12.749999999999773,9.732438424131399,1.0062409771206815
12.759999999999772,9.531190228707262,1.1035653613619956
12.769999999999772,9.310477156434862,1.198877263649068
12.779999999999772,9.070701703705048,1.2919820352134168
12.789999999999772,8.812305296662364,1.3826890522504673
12.799999999999772,8.53576748621227,1.470812105217091
12.809999999999771,8.241605065168851,1.5561697800792138
12.819999999999771,7.9303711091530085,1.6385858307309022
12.829999999999771,7.602653943006828,1.7178895418224323
12.83999999999977,7.259076034642342,1.7939160812525006
12.84999999999977,6.900292818391842,1.866506841598924
12.85999999999977,6.526991450072057,1.9355097697828425
12.86999999999977,6.139889496115488,2.0007796842835632
12.87999999999977,5.7397335592587755,2.0621785792447183
12.88999999999977,5.3272978434098315,2.119575914837306
12.89999999999977,4.90338266044237,2.1728488932714045
12.90999999999977,4.4688128817880886,2.221882719875828
12.919999999999769,4.024436337812923,2.2665708486937093
12.929999999999769,3.571122168074181,2.3068152120718386
12.939999999999769,3.1097591256598136,2.3425264337525804
12.949999999999768,2.6412538389092974,2.3736240250091787
12.959999999999768,2.1665290339074614,2.4000365633982716
12.969999999999768,1.6865217212278072,2.4217018537373463
12.979999999999768,1.202181350480338,2.4385670709496243
12.989999999999768,0.7144679362904132,2.4505888844544277
12.999999999999767,0.22435015939952763,2.4577335638173317
13.009999999999767,-0.2671965533639387,2.459977065411327
13.019999999999767,-0.7591919664462041,2.4573050998776873
13.029999999999767,-1.2506529864217415,2.4497131802132253
13.039999999999766,-1.7405956224643866,2.4372066503490077
13.049999999999766,-2.2280369525341883,2.4198006941243637
13.059999999999766,-2.711997091359061,2.397520324599022
13.069999999999766,-3.1915011562788655,2.3704003536854312
13.079999999999766,-3.665581227015952,2.3384853421226426
13.089999999999765,-4.133278295440481,2.301829529852483
13.099999999999765,-4.593644201410977,2.260496746898078
13.109999999999765,-5.045743550790593,2.214560304883968
13.119999999999765,-5.488655611767387,2.164102869376062
13.129999999999765,-5.921476185642599,2.109216313258388
13.139999999999764,-6.3433194482942765,2.0500015514019623
13.149999999999764,-6.753319758574669,1.9865683569190196
13.159999999999764,-7.150633429958473,1.9190351593332728
13.169999999999764,-7.5344404618251275,1.847528825033688
13.179999999999763,-7.903946226831865,1.772184420415437
13.189999999999763,-8.258383110914952,1.6931449581471183
13.199999999999763,-8.597012102544376,1.6105611270379687
13.209999999999763,-8.91912432795197,1.524591006012525
13.219999999999763,-9.224042529154474,1.4353997627330053
13.229999999999762,-9.511122481701076,1.3431593374414605
13.239999999999762,-9.779754349189368,1.2480481126244498
13.249999999999762,-10.029363971714258,1.1502505691325562
13.259999999999762,-10.259414085540769,1.0499569294154136
13.269999999999762,-10.469405471423851,0.947362788560006
13.279999999999761,-10.658878029135852,0.8426687338457675
13.289999999999761,-10.827411775905006,0.7360799535544089
13.299999999999761,-10.974627766615887,0.6278058357953589
13.30999999999976,-11.100188933774959,0.5180595581292
13.31999999999976,-11.2038008454008,0.40705766879145044
13.32999999999976,-11.28521237915909,0.2950196603374424
13.33999999999976,-11.344216311226578,0.18216753654585152
13.34999999999976,-11.380649818535748,0.06872537343358574
13.35999999999976,-11.394394893222465,-0.04508112475177174
13.36999999999976,-11.38537866827211,-0.15902507368399638
13.37999999999976,-11.353573653535312,-0.2728788603667175
13.389999999999759,-11.298997881461968,-0.3864145969020706
13.399999999999759,-11.221714962081554,-0.4994045757166903
13.409999999999759,-11.121834046938217,-0.6116217253375058
13.419999999999758,-10.999509701870716,-0.722840065806888
13.429999999999758,-10.854941688709339,-0.8328351628255951
13.439999999999758,-10.68837465614422,-0.9413845797126885
13.449999999999758,-10.500097740201682,-1.0482683262741308
13.459999999999757,-10.290444074946855,-1.1532693036761477
13.469999999999757,-10.059790214211626,-1.2561737444256162
13.479999999999757,-9.808555465326503,-1.3567716465677324
13.489999999999757,-9.537201136012957,-1.4548572012209975
13.499999999999757,-9.246229695768758,-1.550229212581127
13.509999999999756,-8.936183853252532,-1.6426915095388146
13.519999999999756,-8.607645551344769,-1.7320533480713398
13.529999999999756,-8.2612348817305,-1.8181298035847875
13.539999999999756,-7.897608921013543,-1.9007421524020924
13.549999999999756,-7.517460490533124,-1.9797182416122279
13.559999999999755,-7.121516842210679,-2.0548928465175593
13.569999999999755,-6.710538272907167,-2.1261080149396663
13.579999999999755,-6.285316669919234,-2.193213397668738
13.589999999999755,-5.8466739903854865,-2.2560665643679303
13.599999999999755,-5.395460677511901,-2.314533304271785
13.609999999999754,-4.9325540166575434,-2.368487911046904
13.619999999999754,-4.458856434448163,-2.4178134512134797
13.629999999999754,-3.9752937442054668,-2.462402015557961
13.639999999999754,-3.4828133410938746,-2.502154953000016
13.649999999999753,-2.9823823504938716,-2.5369830864109546
13.659999999999753,-2.474985733211681,-2.5668069099158934
13.669999999999753,-1.9616243512285023,-2.59155676724801
13.679999999999753,-1.4433129977789003,-2.6111730107602953
13.689999999999753,-0.9210783956268412,-2.625606140738084
13.699999999999752,-0.3959571674792244,-2.6348169246943525
13.709999999999752,0.13100621745964613,-2.638776496369145
13.719999999999752,0.6587615167334752,-2.6374664341945486
13.729999999999752,1.186254803572385,-2.6308788190272137
13.739999999999752,1.7124305673778277,-2.61901627099149
13.749999999999751,2.2362338215761257,-2.6018919653177117
13.759999999999751,2.7566122146396683,-2.5795296271019503
13.76999999999975,3.2725181400600585,-2.5519635049555536
13.77999999999975,3.7829108410511694,-2.519238323554953
13.78999999999975,4.28675850576216,-2.4814092151444416
13.79999999999975,4.783040348791048,-2.43854163008682
13.80999999999975,5.270748674808412,-2.3907112265989094
13.81999999999975,5.7488909201281935,-2.3380037398508255
13.82999999999975,6.216491668098358,-2.2805148306495435
13.83999999999975,6.672594634228267,-2.21834991396856
13.84999999999975,7.116264617021979,-2.151623967626277
13.859999999999749,7.546589410547234,-2.0804613214560574
13.869999999999749,7.962681674838446,-2.0049954273505852
13.879999999999749,8.363680760308563,-1.9253686106022008
13.889999999999748,8.748754482429003,-1.8417318029991152
13.899999999999748,9.117100843028826,-1.7542442581748252
13.909999999999748,9.46794969466379,-1.6630732497445369
13.919999999999748,9.800564344612697,-1.568393752797899
13.929999999999747,10.114243095172277,-1.470388109351772
13.939999999999747,10.408320717042631,-1.3692456784000493
13.949999999999747,10.682169852722641,-1.265162471229623
13.959999999999747,10.935202346968566,-1.1583407727023967
13.969999999999747,11.166870501509045,-1.048988749232711
13.979999999999746,11.376668251355587,-0.9373200442176206
13.989999999999746,11.564132260199111,-0.8235533617040647
13.999999999999746,11.728842932539925,-0.7079120391020736
